Name,M*,Reff,fDM(Reff),sigma_fdm(Reff),fDM,sigma_fdm,Radius
(SDSS),[Msun],[kpc],None,None,None,None,[kpc]
NGC3953,70650500000.0,6.17,0.42861158013264317,0.03274300228648566,"0.3641071029577853, 0.41844809507631825, 0.43746364776234553, 0.3983703110860865, 0.38245180564413267, 0.39030169116612046, 0.4311160355548469, 0.4519368566792862","0.05269830638471392, 0.0372422402167875, 0.029168551597508006, 0.03291426997645625, 0.030877409717793368, 0.0333556922321674, 0.030983858777816373, 0.04945313944382254","3.5, 5.24, 6.98, 8.72, 10.47, 12.19, 13.94, 15.68"
NGC6674,107327000000.0,7.75,0.6219839912404725,0.021062142121483097,"0.33667573640305415, 0.6216797060018467, 0.6275898615982335, 0.6334535388140018, 0.6618948856634066, 0.6735636867358709, 0.7031456275200001, 0.7204356160781367, 0.7353615645640833, 0.7559371362607514, 0.783336069556162, 0.8067422532613893, 0.82527944312248, 0.8347579847687998, 0.8497706821596885","0.48300310456088286, 0.02123903404901913, 0.017916638960909732, 0.013377608072481683, 0.010168574867265967, 0.005120569619829477, 0.004749669959679999, 0.004620898907799393, 0.004466471484150491, 0.004154261510455294, 0.0036722700075226774, 0.003194342921299351, 0.002840984664675122, 0.005462545958056202, 0.006207823051252539","2.5, 7.49, 12.54, 17.45, 22.47, 27.48, 32.5, 37.51, 42.42, 47.44, 52.45, 57.47, 62.48, 67.4, 72.41"
NGC2998,75451000000.0,7.06,0.4289366898036038,0.05931505879467792,"0.8774324938271605, 0.7218334687999999, 0.6011575945032871, 0.630462787037037, 0.5202552795722878, 0.41482623715713074, 0.48133392326840774, 0.5152180313278748, 0.598884500429809, 0.63662601646432, 0.6580602922700522, 0.6888506954087593, 0.6939590756873498","0.05447444718792868, 0.066759967488, 0.08084643354663099, 0.06980147355967077, 0.07160368961607645, 0.056812986683773714, 0.02423673255755104, 0.02286707399396817, 0.0075326854379378595, 0.00679203707543327, 0.006421402962064747, 0.008764769143415231, 0.00904554456096503","0.33, 0.99, 1.98, 2.64, 3.63, 7.59, 12.5, 17.48, 22.46, 27.44, 32.32, 37.3, 42.28"
NGC3917,10983000000.0,5.56,0.6331570752449345,0.02269177635126292,"-0.07555555555555585, 0.5406697938345475, 0.6624840408642485, 0.7282831487109107, 0.6686575203074505, 0.6347647221172023, 0.6303939321832244, 0.638239798816568, 0.6420998663399421, 0.6554344128460208, 0.6507992887207629, 0.648825575800173, 0.6604118200223773, 0.6729391496616761, 0.6991520272790239, 0.7189213978155848, 0.7380725504821781","0.34524005486968457, 0.07223337919537359, 0.04769247248657357, 0.023674339518257287, 0.021676610821007917, 0.022231712566778992, 0.023438433568868704, 0.021705612071005916, 0.018696275638958246, 0.01976184985147822, 0.0203912824104664, 0.0180751541867558, 0.01735122087476904, 0.016711138338454504, 0.021959706038027455, 0.020368014651044576, 0.028678187903411156","0.87, 1.74, 2.61, 3.5, 4.37, 5.24, 6.11, 6.98, 7.85, 8.72, 9.6, 10.47, 11.35, 12.19, 13.12, 13.94, 14.86"
ESO563-G021,155588500000.0,10.59,0.5996262280026768,0.023936669152177507,"-4.948512219702697, -1.12434484493467, -0.7211258812452078, 0.24551259091872038, 0.37327650520597544, 0.593660432610125, 0.6150065390362708, 0.6078116787295922, 0.6360490748217865, 0.635106583925383, 0.5979636305664788, 0.6064151675338189, 0.5979542122788761, 0.585408914151925, 0.5905678034605868, 0.6144583133477295, 0.6252330298444394, 0.6203195640995214, 0.6180038939585427, 0.63930666441103, 0.6492883531599276, 0.6754183421679816, 0.6962901784514222, 0.7085828704474506, 0.725040859353469, 0.7500525581054687, 0.7618016114944536, 0.7722345893554687, 0.7761771121189216, 0.7808388791296844","6.15623804324787, 0.7652014021205501, 0.26432405571620066, 0.05414556700465653, 0.03342525305568131, 0.018920837291795205, 0.014246454062093945, 0.013519337253549018, 0.015101247343215425, 0.0076331060889107145, 0.027106369650466276, 0.012036078102514187, 0.05291441335168339, 0.04306397730421941, 0.03520595320561833, 0.03089198372545006, 0.024436216235848466, 0.025789614513994773, 0.022413651647858374, 0.016453077705414845, 0.01886199177556543, 0.01741505433367945, 0.02246085496983051, 0.027261602442012686, 0.02793514591872105, 0.013793974449554448, 0.01169472461946234, 0.011388270532226562, 0.013955179422172628, 0.012742252348036933","0.45, 1.34, 2.23, 3.12, 4.01, 4.9, 5.79, 6.69, 7.58, 8.47, 10.23, 12.06, 13.44, 15.18, 16.83, 18.56, 20.3, 21.94, 23.68, 25.41, 27.06, 28.8, 30.53, 32.18, 33.91, 35.65, 37.3, 39.03, 40.76, 42.41"
NGC6946,33086500000.0,4.2,0.23392973614243237,0.012100827801088704,"-0.6385311559656541, -0.2925566526627216, -0.06121520202636721, 0.09962813154377369, 0.038672409710955126, 0.07147332789464494, 0.11995594045368624, 0.04353595983644737, 0.08472624235903961, 0.08954857993995122, 0.16724309833024115, 0.22370597855021032, 0.2594891301229875, 0.2830891837348391, 0.280007962616219, 0.25593254481757355, 0.27036690895061727, 0.2835951727474174, 0.29545263827160473, 0.2970931274991606, 0.2970686673324803, 0.31783870041509316, 0.3483224140944414, 0.36939197923242006, 0.37319204187813204, 0.3764709765625, 0.3660357151926227, 0.3782764913466738, 0.39544014670091954, 0.39962089515570937, 0.4196535354468041, 0.4573237590831022, 0.47213417723609463, 0.4915281524897959, 0.49763156526621743, 0.49969374686758666, 0.5095449273280096, 0.5177652400681614, 0.5354459288163266, 0.5375327718324745, 0.5265647337642352, 0.5178383932733337, 0.5222666251606978, 0.5238510286424027, 0.5255942931717726, 0.5616413699317155, 0.5613362770460029, 0.5656531257010096, 0.5698108231571262, 0.5772915160858453, 0.5862761320946083, 0.60972530390625, 0.612888011550176, 0.623501321484375, 0.6207911913154943, 0.6125034859521332, 0.6310478891638606, 0.6250359664361612","0.1713496633689573, 0.17896938267637685, 0.049744462594985966, 0.04031515828908476, 0.0596172149016462, 0.09923185808759519, 0.10203409386044218, 0.06881036260169443, 0.038403094726194145, 0.024943874522193116, 0.021630049394019715, 0.009643403993165088, 0.017736787302443414, 0.016575972630408345, 0.03272691079017186, 0.04180154242597901, 0.024321103034979422, 0.03201809283810425, 0.03914152009602197, 0.031067707071860306, 0.03141592548234725, 0.015243827923685069, 0.007281313809000655, 0.0070854833794110105, 0.014165151595974416, 0.01417111416903409, 0.021987200629157596, 0.014458686247751772, 0.014059531472071639, 0.014126567172806838, 0.013575355895981191, 0.012475315883147077, 0.012134846500319664, 0.011622213657376094, 0.011548699649052474, 0.0347033239166992, 0.034020005040831705, 0.04459974658329143, 0.047782704464606404, 0.04784143739664056, 0.049835291182712085, 0.04619512399776444, 0.04053495301666807, 0.046738549335715064, 0.04685488462501011, 0.049009039386516275, 0.0551778267866663, 0.05498061699987221, 0.05480116902456992, 0.05384821451135728, 0.04743330969615956, 0.053662770712890634, 0.0584319982565772, 0.06588726874023439, 0.07680178403736825, 0.08999919035950456, 0.08930051090301465, 0.10226291824468332","0.19, 0.56, 0.94, 1.22, 1.59, 1.96, 2.34, 2.71, 2.99, 3.37, 3.74, 4.12, 4.4, 4.77, 5.15, 5.52, 5.89, 6.17, 6.55, 6.92, 7.3, 7.58, 7.95, 8.33, 8.7, 9.08, 9.36, 9.73, 10.1, 10.48, 10.76, 11.13, 11.51, 11.88, 12.26, 12.54, 12.91, 13.29, 13.66, 14.03, 14.31, 14.69, 15.06, 15.44, 15.72, 16.09, 16.47, 16.84, 17.21, 17.5, 17.87, 18.24, 18.62, 18.9, 19.27, 19.65, 20.02, 20.4"
NGC6195,195538000000.0,9.52,0.13530139999333754,0.05520071753974805,"-0.32787017795918366, 0.10320030123377644, 0.13139606746545593, 0.0689116568198894, 0.05134265590277753, -0.022276290408738172, -0.02389070124702993, 0.10584654673900575, 0.1404256861342354, 0.11081869954238105, 0.1948327243953137, 0.16669345572678054, 0.18529651723516188, 0.11636801373490595, 0.17920528830180177, 0.18581420447999997, 0.20959952069240276, 0.24137528363680055, 0.26251864374728745, 0.36121715576171876, 0.4385587430988082, 0.456015704447729, 0.5005315238945072","0.20638896480279884, 0.027622944307989165, 0.026796607149446258, 0.027394004146456145, 0.03320300704340279, 0.04027680835172625, 0.040691965208358355, 0.04640909826237225, 0.052960869015600334, 0.06650488238959877, 0.07987770591316333, 0.05931782094744877, 0.029289744643529406, 0.06898269875968675, 0.06579543150801621, 0.040057941139584004, 0.04348764692475002, 0.09056450102320365, 0.037803178182717785, 0.03857649520282746, 0.03742941712674612, 0.025638604093652116, 0.017217449908026747","1.33, 2.34, 3.33, 4.34, 5.35, 6.34, 7.34, 8.32, 9.34, 10.38, 11.36, 12.34, 13.32, 14.3, 15.47, 16.35, 17.92, 19.1, 22.52, 26.05, 29.48, 33.0, 36.43"
NGC4100,29697000000.0,4.93,0.5379834587630338,0.03207494538587498,"0.44490970138888886, 0.5791851625273925, 0.581770914824263, 0.5137439741577104, 0.4529435013850414, 0.41811387899883107, 0.4654769112426036, 0.49296429837042594, 0.5423222167968751, 0.5917837524414062, 0.6205873372440449, 0.6312629881582263, 0.6345324046749451, 0.6434902170631566, 0.6528231188165163, 0.6571308690599174, 0.6649947929052715, 0.693000112043934, 0.7061826630278656, 0.6942476173803438, 0.6698593975324467, 0.6876981072744752, 0.7036325148213428, 0.7209100213599144","0.09714080225694446, 0.04265015244654806, 0.030869289620113927, 0.032595184149867756, 0.029944145187345103, 0.0341933081413058, 0.03344195734789864, 0.025220428682092802, 0.01859315994262695, 0.014882884025573731, 0.01748079283901783, 0.01872949901418533, 0.02094030546186801, 0.017629604650723024, 0.02560187056772058, 0.024156688770778548, 0.025414188124427677, 0.03001010140694129, 0.02058381343759586, 0.021348391212496706, 0.026327668298045392, 0.030044232717898574, 0.03338823567202595, 0.03159509192151911","2.61, 3.5, 4.37, 5.24, 6.11, 6.98, 7.85, 8.72, 9.6, 10.47, 11.35, 12.19, 13.12, 13.94, 14.86, 15.68, 16.61, 17.42, 18.35, 19.16, 20.09, 21.02, 21.95, 22.76"
NGC7793,3525000000.0,2.19,0.40671023520345073,0.06931653117415695,"-3.482054703538221, -0.44539821151859493, -0.4032959274074472, -0.032151892559833216, 0.19801355555555575, 0.32421677551020406, 0.36312709201098914, 0.44289449292213523, 0.4921167722951563, 0.5171745415396525, 0.5217007604116206, 0.5136946443350306, 0.49500191200740656, 0.4853012417823229, 0.4680875477229015, 0.4944223114016635, 0.49336271395624615, 0.47119799449191435, 0.3718363008580485, 0.37703690708285287, 0.3849485518292681, 0.42061427551120434, 0.4159942210609005, 0.4284100531461723, 0.41589927331746646, 0.41505985044309485, 0.39928835499043375, 0.45366913316774005, 0.48722183255555856, 0.48868762607132094, 0.46834584795658485, 0.48519250563670235, 0.505272085022151, 0.5427552886714998, 0.5973109110495538, 0.5898718431122448, 0.6110987034472145, 0.6328456970868015, 0.6285565789473684, 0.640659887657741, 0.6206461998148303, 0.6324826273036945, 0.6409834965986394, 0.6330750024507401, 0.6130003023431594, 0.6120771677113858","8.373069226390085, 1.2154484960497276, 1.076102576457524, 0.5327235574502366, 0.3849534933333333, 0.2818981450728863, 0.25275373894080855, 0.2296266258681597, 0.11454387688662432, 0.10858725170192551, 0.11361897645394452, 0.11474620751645345, 0.10913878092147626, 0.12797915069196295, 0.14273142726576885, 0.128345622491516, 0.10764974374622766, 0.1190915440976193, 0.10841403944581904, 0.10946635818032938, 0.09000752900059493, 0.07539389908482207, 0.06322119393116096, 0.06116376501365799, 0.06521512967814695, 0.06581416148860701, 0.07240720721097452, 0.06562878695350645, 0.05227096508098282, 0.058700514227461656, 0.07764523113007282, 0.08868960793981562, 0.09029985244255884, 0.0777743340764365, 0.052278934354970205, 0.059322108406978866, 0.05185350620703806, 0.045577775534052234, 0.0508290997229917, 0.07186802246845182, 0.0689101398501501, 0.08655549338268129, 0.0854801198574668, 0.037782375985270324, 0.03767616104172416, 0.05212179024142172","0.11, 0.14, 0.17, 0.21, 0.24, 0.28, 0.32, 0.35, 0.39, 0.42, 0.46, 0.49, 0.53, 0.56, 0.6, 0.63, 0.66, 0.7, 0.87, 1.05, 1.22, 1.4, 1.57, 1.75, 1.92, 2.1, 2.27, 2.45, 2.62, 2.79, 2.97, 3.16, 3.33, 3.51, 3.68, 3.85, 4.03, 4.2, 4.38, 4.73, 5.25, 5.78, 6.3, 6.82, 7.35, 7.87"
NGC1003,3410000000.0,2.76,0.42474335339709257,0.06339258575398066,"0.2632129017655049, 0.3996572699668105, 0.4299081352797977, 0.46250105450898066, 0.503319294204924, 0.5622303938931829, 0.6408753597228599, 0.6966632690541781, 0.7261455226694317, 0.721583, 0.7267200444173533, 0.7443855189123538, 0.7330411690602168, 0.7402282975479707, 0.748084631400922, 0.7621656969778297, 0.7697501915781809, 0.788921515, 0.8116247272559172, 0.8125008459689349, 0.8270670612244897, 0.8469311758269505, 0.8620014380165288, 0.8594516420648093, 0.8617362718049127, 0.8696200694197224, 0.8809068115569273, 0.8913483124316135, 0.892505152892562, 0.8960178719008264, 0.9000029917355372, 0.9003343918866005, 0.885904401354263, 0.8782070073341837, 0.8667717714777978, 0.8568403062381853","0.23828008283328353, 0.0908081440386337, 0.05892010892359634, 0.0429445033768598, 0.04287890985281231, 0.03709084734015395, 0.01837738031268947, 0.018384044299746778, 0.013293906666532445, 0.012807182000000002, 0.011120242343139233, 0.008832207679857693, 0.01016986022627746, 0.013139137742568389, 0.008458858127146376, 0.008835949338284963, 0.006158945492764711, 0.007598825460000001, 0.009781023777096609, 0.011538409478834777, 0.011199466511175902, 0.010953548885777849, 0.009534446100676185, 0.009982874021564954, 0.009913248436628896, 0.009839994760775671, 0.007498460013082356, 0.006379548627868565, 0.006449690826446279, 0.005104577197595795, 0.004363505815176559, 0.004409982659884939, 0.004403689772291609, 0.0036972872773551385, 0.004244439138760425, 0.00398357408728528","1.25, 2.08, 2.9, 3.73, 4.56, 5.39, 6.22, 7.04, 7.87, 8.7, 9.54, 10.34, 11.21, 11.98, 12.85, 13.72, 14.49, 15.36, 16.13, 17.0, 17.78, 18.65, 19.52, 20.29, 21.16, 21.93, 22.8, 23.67, 24.44, 25.31, 26.08, 26.95, 27.73, 28.6, 29.47, 30.24"
NGC3992,113466000000.0,9.99,0.6045159463843833,0.02187136075499899,"0.6132611529331424, 0.5629762152777779, 0.5869381846074827, 0.6047141712394984, 0.6534881865530302, 0.6590786686360222, 0.7112266720975543, 0.7411973382000999, 0.760699023482704","0.021832031689258083, 0.02185118923611111, 0.017312149615715797, 0.01662825995523881, 0.013912974327794998, 0.020849734314821785, 0.01254507080231936, 0.013315987578086146, 0.017366990700833293","9.19, 13.79, 18.35, 22.94, 27.52, 32.11, 36.7, 41.44, 46.02"
NGC5055,76461000000.0,4.18,-0.02466508896296031,0.015211150773499356,"-0.29932385280000023, -0.09911015279682957, -0.09431493971720749, -0.05871270101210767, -0.014221790907117714, -0.02678914958448762, 0.012887499013806859, 0.05073744709289393, 0.051162262110726345, 0.07511792820069205, 0.11625123833537558, 0.1403474844471677, 0.26363481242341413, 0.35407476317277775, 0.41823866631075735, 0.49716055875000004, 0.5456591481560207, 0.57884635157311, 0.6043311732041587, 0.6285210602584229, 0.6446157438271605, 0.6784071701108024, 0.6926041111111112, 0.7044186635872789, 0.7145161995568178, 0.7286636481383227, 0.7280539024309683, 0.7391272714981072","0.36588959694848006, 0.1153387197379389, 0.06418341556543622, 0.020625698216608937, 0.037927669055797426, 0.010484057632599506, 0.010022988471552115, 0.004250429341375102, 0.007534887918532468, 0.0058938563398975505, 0.0056628561427053605, 0.012853057028653999, 0.013583435498985564, 0.002633869897742071, 0.024015566385792386, 0.006184925127374999, 0.01915725859836985, 0.023297861402338596, 0.004988867816121475, 0.010082999792985662, 0.01520254873628258, 0.02995610559078381, 0.015540569938271603, 0.0014531372963306963, 0.006251935741549017, 0.009064756335937597, 0.010596520353551922, 0.014681674487780948","0.72, 1.43, 2.16, 2.87, 3.59, 4.3, 5.03, 5.75, 6.46, 7.18, 7.91, 8.62, 11.49, 14.3, 17.19, 20.07, 22.96, 25.85, 28.74, 31.62, 34.51, 37.4, 40.29, 43.17, 45.92, 48.81, 51.7, 54.59"
NGC5585,1471500000.0,2.27,0.5116116215230103,0.023380882815802254,"0.3542602040816326, 0.48194603061587754, 0.4478970493708672, 0.24598289519213692, 0.1687292306879523, 0.16538085822564327, 0.17972533663671228, 0.3010797600787526, 0.3327829608605184, 0.333051621767749, 0.47452380363502744, 0.5908446870109736, 0.6723600618308596, 0.6687736892140451, 0.6731077871199501, 0.7129335714006437, 0.7462126549586777, 0.7682202942089902, 0.7794251044057522, 0.7830591819854694, 0.7880799397602383, 0.7871051857661013, 0.7850268367845185, 0.791894058826179","0.23292756924198255, 0.040271365167218576, 0.03374872635893216, 0.051651324610691544, 0.050813584118184534, 0.10473651975207615, 0.14539259906174679, 0.11202788534622866, 0.0650498616746465, 0.03713521036927901, 0.031607590758795344, 0.011453803474031845, 0.021513976788124126, 0.0382518574136011, 0.031688530840413, 0.021417711881059072, 0.017303682616453795, 0.012375334680721325, 0.01363376838110141, 0.012315417616545407, 0.006428777558736, 0.004684154328578626, 0.012955971890218758, 0.01257015752056637","0.09, 0.26, 0.43, 0.6, 0.77, 0.94, 1.11, 1.28, 1.46, 1.63, 2.05, 2.74, 3.42, 4.11, 4.79, 5.48, 6.16, 6.85, 7.53, 8.21, 8.9, 9.57, 10.31, 10.96"
NGC0024,1944500000.0,2.01,0.7488928663132111,0.044064533824514716,"0.4241929250891794, 0.6523265868886577, 0.657254701851582, 0.7205168241965975, 0.7922873513674197, 0.7978011026082457, 0.8131933259955781, 0.8048605352786382, 0.7852214813733992, 0.7745665830793566, 0.7615720174333123, 0.7548284170560746, 0.7446916193181818, 0.7472310314272211, 0.731415447377298, 0.7356951120133656, 0.7326244409245887, 0.7505197088520733, 0.7400852203554906, 0.752644231313036, 0.7527719674556214, 0.763522783649227, 0.7617575290418378, 0.7555457769668922, 0.7588769586863481, 0.809940416974852, 0.8463416117835529, 0.8788364489521084, 0.8989196983471075","0.4308625353643037, 0.19873460904299953, 0.15494745888593303, 0.10353028947152132, 0.04942128536430358, 0.06091480978205848, 0.04427240229534561, 0.034839035324599144, 0.03657559920273739, 0.034389097637086974, 0.033402954079391034, 0.03711943592235131, 0.04351847397985537, 0.046817208961740776, 0.04953117723691386, 0.05113785424767688, 0.047213259343471606, 0.04377020553605209, 0.04969341632842972, 0.03928874151183232, 0.0405073622553482, 0.040665240942562825, 0.042527394348606536, 0.05165825090510959, 0.050478094630147685, 0.01136702506169635, 0.007392997923621513, 0.01100476289334061, 0.005201040975957925","0.21, 0.32, 0.43, 0.54, 0.64, 0.74, 0.85, 0.96, 1.07, 1.17, 1.28, 1.38, 1.48, 1.59, 1.7, 1.8, 1.91, 2.02, 2.13, 2.23, 2.34, 2.44, 2.54, 2.65, 2.76, 7.07, 8.49, 9.91, 11.27"
F583-1,493000000.0,3.74,0.9152921722966303,0.024265475880605538,"0.9411155939200602, 0.6736515, 0.2669464582059568, 0.6608440679085744, 0.7400323223177908, 0.8336648803329866, 0.8500715524925955, 0.8988642463878146, 0.9089935312024353, 0.9070440051020409, 0.9181009319500615, 0.9172669533181412, 0.9145277409334648, 0.9160317637877211, 0.9116124464600656, 0.9118079904228553, 0.9077447779073862, 0.8988811410884034, 0.8971296746579157, 0.8851751224779463, 0.8834295245449084, 0.8662244323512854, 0.8262720916520423, 0.774127662842758, 0.7676826698942084","0.10486264096427661, 0.4568879, 0.9769479912133697, 0.37424102851467655, 0.2477989778758079, 0.05580274982377227, 0.022373223436089464, 0.02917853038199972, 0.017702628177060534, 0.018674195403607877, 0.040236679467474605, 0.013367996770856892, 0.028346860330147185, 0.012188937514685643, 0.00897905305802509, 0.018274020002471428, 0.007634022585503812, 0.04335663383484781, 0.01681803684066774, 0.018429075646495346, 0.03658891706891327, 0.04498057691799868, 0.024613162930053036, 0.0291112793574351, 0.0465717724687601","0.26, 0.44, 0.77, 0.89, 1.22, 1.55, 1.8, 2.21, 2.31, 2.54, 3.1, 3.43, 3.86, 4.09, 4.37, 4.76, 5.4, 5.86, 6.08, 6.43, 6.97, 7.96, 10.29, 15.49, 16.26"
NGC4088,53643000000.0,6.1,-0.11837387745188865,0.09528489268337179,"-0.3042361483960204, 0.1215053822448096, -0.1169154168571864, -0.1198662557348398, 0.05076322756913404, 0.09843315439593002, 0.11229021832474574, 0.2193553965322664, 0.2932728954081632, 0.3445874986225896, 0.4535665025135939, 0.5329295415510635","0.34718182513250956, 0.12789848111435861, 0.11031263376367273, 0.08133106885225093, 0.06363015727283827, 0.07051360803607251, 0.063262076395248, 0.06573849292359862, 0.051321849262026244, 0.04448860615410301, 0.054962901501556624, 0.04080155728979215","1.74, 3.5, 5.24, 6.98, 8.72, 10.47, 12.19, 13.94, 15.68, 17.42, 19.28, 21.48"
F574-1,3268500000.0,5.87,0.8396741674674696,0.015902147426077484,"0.6393158614208211, 0.677976442593694, 0.7694734278014053, 0.8374725624375001, 0.8528330164029613, 0.8472549255133895, 0.8370750504231541, 0.8375292563915266, 0.8309833922273304, 0.8308025338349675, 0.820008604430393, 0.8062217818272714, 0.7921079164667559, 0.7826258665666005","0.2074523149997892, 0.06848891269714605, 0.03342065626602362, 0.019095346469292375, 0.022270088120226586, 0.015485675754402906, 0.01603735521561794, 0.015456676148698008, 0.015705872739170988, 0.015461450698362267, 0.016195544795629267, 0.018122578298745067, 0.01838643552856832, 0.0224133008194117","0.47, 1.41, 2.35, 3.29, 4.22, 5.17, 6.11, 7.05, 7.99, 8.92, 9.87, 10.79, 11.8, 12.6"
NGC0100,1616000000.0,2.81,0.606276928893269,0.05266047408627906,"0.007789572646255102, 0.30304612500000006, 0.4591913682277318, 0.5326468362136578, 0.5682432600672284, 0.5854691826962096, 0.6173743935317008, 0.6488365459904869, 0.6893141340778987, 0.7147599724409924, 0.7288638721657932, 0.7398549591411633, 0.746184786401071, 0.7655320632408088, 0.8033203365365263, 0.8131593537101309, 0.8242395804246743, 0.8326140146938775, 0.8398331460674158, 0.845304203539823, 0.8469884844375193","2.3865501909037214, 0.285054134875, 0.13110512285388318, 0.08756031171641071, 0.06921951742409164, 0.059752189881627435, 0.04945080535939247, 0.041374191930428655, 0.03400118915700152, 0.022489358283233188, 0.03722022937364175, 0.026343801605958145, 0.03621312601666248, 0.04201618415609568, 0.024148678103908524, 0.01766814622126423, 0.022577354709675992, 0.039024846859941696, 0.02796621247317257, 0.017659962604745866, 0.045970564982587406","0.23, 0.69, 1.15, 1.59, 2.05, 2.51, 2.97, 3.42, 3.88, 4.34, 4.79, 5.24, 5.7, 6.16, 7.16, 7.52, 7.98, 8.44, 8.9, 9.35, 9.62"
NGC4157,52810000000.0,4.44,0.08503846795157863,0.09585761451221207,"-0.2880009028339729, -0.03850217655888665, 0.19017944200303838, 0.21330574045196896, 0.1799076272864531, 0.2306286308321821, 0.30986160332409973, 0.3775860440513355, 0.44471249025283544, 0.4753345314575535, 0.521297307164006, 0.5797093155961659, 0.6051711795471146, 0.6406995959070412, 0.6702381307087524, 0.6886269523865785, 0.7125509852447042","0.32333632623010516, 0.13890793444418228, 0.07085929882473414, 0.05401184468538721, 0.05956889871451634, 0.05076264703787664, 0.04358768821110949, 0.04283278836635971, 0.038628696330237536, 0.042088548575383064, 0.034910914615663646, 0.029856715285518264, 0.02774472792371626, 0.035157351368235744, 0.04042242268731422, 0.04602905921241883, 0.042262774061319175","1.74, 3.5, 5.24, 6.98, 8.72, 10.47, 12.19, 13.94, 15.68, 17.42, 19.16, 20.9, 22.65, 24.39, 26.13, 27.87, 29.61"
NGC3521,42418000000.0,2.45,0.18058781463728055,0.07635001526780871,"0.06462760037165637, 0.11184987499999977, 0.17632248295669736, 0.1709354925871434, 0.14385660299122072, 0.19294883103221547, 0.20210967273553687, 0.19248444878545917, 0.18784850834197372, 0.18199212169537976, 0.21308975000521252, 0.18092839399005511, 0.17948093174076324, 0.1749896140536489, 0.15342737188208622, 0.1757093643549654, 0.16057921598448294, 0.1384802821288716, 0.15807700486749582, 0.16103728365435657, 0.1700588207084924, 0.17080449173553724, 0.16178278448783767, 0.18549793181818183, 0.20525425826446284, 0.1971215470679011, 0.24903205681818202, 0.25508413328002716, 0.24094975533954896, 0.27398373931855047, 0.2990200488683126, 0.26089164085613903, 0.3038317606354575, 0.3242042055147788, 0.3546072412980108, 0.340683149659864, 0.4739350986394557, 0.5562713185941043, 0.601591980865303, 0.6524156341313978, 0.7020500259213875","0.43301855143633816, 0.16652814843750005, 0.07329804421329165, 0.07064687983379768, 0.07352760939016574, 0.0463537081663548, 0.06030286694501269, 0.05465647129895463, 0.072699385952301, 0.09304355013891415, 0.09557905319571391, 0.07508156388424495, 0.08051822632450455, 0.06499377594450598, 0.10723253289493576, 0.051383350838807296, 0.07866121525328508, 0.09102849849204374, 0.07134807893634525, 0.0780969901851705, 0.06101394057805148, 0.0624911887592036, 0.0647503573817652, 0.07189831892768596, 0.14522172189894816, 0.17470040411022522, 0.09967392700413219, 0.08337590434847401, 0.16463906715170348, 0.1431771602460161, 0.11877715838620259, 0.2252859133159653, 0.16616090996153704, 0.15102290994129824, 0.11712683398665731, 0.15698020246193714, 0.05360851851959832, 0.04521806562898176, 0.024175243879532585, 0.021091284336687024, 0.03095208468583644","0.51, 0.69, 0.86, 1.03, 1.2, 1.38, 1.55, 1.71, 1.89, 2.06, 2.23, 2.41, 2.58, 2.75, 2.92, 3.09, 3.26, 3.43, 3.61, 3.78, 3.95, 4.12, 4.29, 4.46, 4.64, 4.81, 4.98, 5.15, 5.32, 5.49, 5.67, 5.84, 6.01, 6.19, 6.35, 6.64, 8.82, 11.07, 13.32, 15.49, 17.74"
NGC2903,40931500000.0,4.54,0.1439744897531578,0.018118127293929386,"-9.106599328512397, -4.089545642089845, -0.3344422882080078, -0.09590033555514975, -0.035825323542537146, 0.24572746843593415, 0.16808608284023663, 0.03569348530976969, 0.0663649303432613, 0.017513022174148428, 0.030416994050837944, 0.09269950167181075, 0.16301948532622956, 0.24265711224489783, 0.31827415704937523, 0.3900149348443302, 0.4403815734759042, 0.4898082126680031, 0.5181609050276509, 0.5394678437991187, 0.5681803259058726, 0.5885466093049477, 0.6055590872576178, 0.6243497807265731, 0.6435286997054535, 0.6690334823449525, 0.6807065787952364, 0.6940675295836377, 0.7095323024105187, 0.7106345197033057, 0.7135343596136852, 0.7224630885122411, 0.7466544001328342, 0.7499743194444445","3.675127028549962, 1.2723864105224612, 0.16680528602600098, 0.11847571195190808, 0.1055618164119783, 0.06385375928584684, 0.05119470259444697, 0.05757053819046151, 0.034902245594644436, 0.0365576549888689, 0.03607750719810836, 0.025202791620227483, 0.015644495601378886, 0.014425578814382898, 0.013301967667329264, 0.0060097050754253185, 0.005568342552478565, 0.0050765351973333026, 0.004842603969571348, 0.004675453362445495, 0.00881264641008423, 0.01279129712005344, 0.012456028823443648, 0.01998139464220356, 0.019062636379387515, 0.010562761201756837, 0.010299787780798824, 0.009922134175665802, 0.009420573975875072, 0.009592225866188759, 0.009656145181561174, 0.009408030897890135, 0.011136070323831463, 0.022224504938271602","0.32, 0.64, 0.96, 1.28, 1.6, 1.92, 2.24, 2.56, 2.88, 3.2, 3.52, 3.84, 4.8, 5.76, 6.72, 7.68, 8.64, 9.6, 10.56, 11.52, 12.48, 13.44, 14.4, 15.36, 16.32, 17.28, 18.24, 19.2, 20.16, 21.12, 22.08, 23.04, 24.0, 24.96"
NGC0801,156285000000.0,7.76,0.29908292954381377,0.03013694297564413,"-0.11521939321832224, -0.10100092739535801, 0.3571391588340272, 0.325702400738689, 0.29930269931502, 0.2989362435880322, 0.38619789432098767, 0.4230792944214876, 0.4401651884993101, 0.4933714288692895, 0.5583272054327889, 0.6168697145061729, 0.6358566068672838","0.11242862175534304, 0.09614374295565098, 0.03888524112418567, 0.03667232557386078, 0.03650691818694854, 0.02571587578105035, 0.037646529148312756, 0.02097893474830954, 0.012104536464879781, 0.018969654261515187, 0.01940058069594292, 0.009223506872999542, 0.029670943144147248","1.17, 1.56, 1.96, 2.73, 3.52, 10.59, 17.65, 24.61, 31.67, 38.74, 45.8, 52.86, 59.82"
NGC2955,159711000000.0,7.22,0.04539206331975422,0.050833438564698914,"0.29796276145793205, 0.0996791700842047, 0.1333061138153984, 0.12831046096801757, -0.012128224180541235, 0.003160489462419427, 0.12573168999875606, 0.13411353684005348, 0.09189804630177507, -0.020616428654727147, 0.01842764133160689, 0.17773606867819725, 0.11667957677816217, 0.1769651263103627, 0.307689033101401, 0.3573573452268431, 0.3768841756033058, 0.42053192621487606, 0.44121979402961564, 0.44179306232378057, 0.44105617677784675, 0.475694972564945, 0.4924574250455256, 0.4629108304061791","0.0354757279121258, 0.043641167322026726, 0.041018529613391926, 0.02982812641375065, 0.028323265628278048, 0.04475927604627239, 0.05473114624691802, 0.030176789425051868, 0.03897853001258535, 0.07056833592412685, 0.04768772592720938, 0.06344058795965969, 0.05036658413194322, 0.0728694907930746, 0.05773515812512302, 0.04056099654401592, 0.04577068964659354, 0.0421431326389181, 0.047374843549663016, 0.06564680840087374, 0.06568133642532695, 0.05614605018202163, 0.0474797892699347, 0.05299910748414796","0.75, 1.55, 2.3, 3.06, 3.85, 4.61, 5.36, 6.12, 6.91, 7.66, 8.42, 8.86, 9.21, 10.82, 11.56, 12.4, 14.17, 16.88, 19.49, 22.19, 24.8, 27.51, 30.12, 35.43"
NGC2841,94060500000.0,5.51,0.5091619788609539,0.028109940536798692,"0.34131572668513405, 0.41693809815324984, 0.45533742203923366, 0.4779813520440856, 0.4913229761588984, 0.4887541320766968, 0.507325477314893, 0.5287513286856047, 0.536349361738813, 0.5366053577223483, 0.5396686667197405, 0.5472591930664062, 0.534298243170165, 0.5360568591036746, 0.5422244745295562, 0.5494497955506139, 0.5468364487922283, 0.5578899359717815, 0.5642602332045741, 0.5657795495929941, 0.5659595595927833, 0.5742809124979632, 0.5743640330234173, 0.5750492818392678, 0.5957062391089725, 0.6308450838729964, 0.6542779830072525, 0.6729359942282525, 0.6983335642778044, 0.7085358347596955, 0.7226445719959824, 0.7433061662919778, 0.759463284323703, 0.7765184045928569, 0.7877298860677083, 0.7907345125269314, 0.7923462235762715, 0.7841206009917354, 0.7851498023897058, 0.7907288490080473, 0.8043729111833343, 0.8188442338620339, 0.8341032184242855, 0.8472657725316641, 0.8473881901061315, 0.849448194134026, 0.8544424288676699, 0.8531277183163568, 0.8563190317405203, 0.8636584360683048","0.06656177919813382, 0.053398261717951534, 0.030450772510413806, 0.020232487466526616, 0.01965117101874744, 0.028488503298094596, 0.027097098747680896, 0.03824190495650365, 0.02752371941779785, 0.019948036029476056, 0.02459940941882523, 0.021590077230645748, 0.06042332920893428, 0.06827842450927052, 0.02418651997501161, 0.02415953418285872, 0.035857801248216206, 0.03011275977901178, 0.02806002213419461, 0.036679491462952046, 0.036778504607714306, 0.024567813594544786, 0.03146004973305177, 0.029124348285159217, 0.010614275827727287, 0.00981327175158931, 0.00951858020811201, 0.01238249011818121, 0.011420950007943994, 0.011071726008457208, 0.010606971097991484, 0.007429227678648561, 0.007057963145103802, 0.006557522245856656, 0.006250175576895256, 0.006226566083409199, 0.004153075528474572, 0.004443190539588281, 0.004470779847331856, 0.004370755404481375, 0.0060544442086325765, 0.005545851613176725, 0.005006422447551814, 0.004528623248012197, 0.004589177829432641, 0.004511234324181839, 0.005721221198673536, 0.005793011249682369, 0.007029926959131634, 0.006557379979572005","3.44, 3.77, 4.13, 4.47, 4.8, 5.13, 5.48, 5.83, 6.16, 6.51, 6.86, 7.18, 7.51, 7.85, 8.21, 8.57, 8.9, 9.24, 9.6, 9.93, 10.27, 10.6, 10.93, 11.27, 12.31, 14.35, 16.4, 18.48, 20.57, 22.51, 24.59, 26.68, 28.77, 30.7, 32.79, 34.88, 36.96, 38.9, 40.99, 43.08, 45.16, 47.1, 49.19, 51.27, 53.36, 55.3, 57.38, 59.47, 61.56, 63.64"
NGC3893,29262500000.0,2.43,0.10907587585463738,0.07616904627007655,"0.01287111058263967, 0.25826297562425693, 0.38560446248272945, 0.46053168559556806, 0.5026200008671523, 0.5747357274219104, 0.6326772727272727, 0.657764336319091, 0.681954011169938, 0.6738002402380867","0.09258588204190414, 0.057974847882241984, 0.0405374375269127, 0.031232376097098693, 0.0310193977953819, 0.03166861604304923, 0.03339297520661158, 0.048180663266809524, 0.042285659878542325, 0.052738883314800346","1.74, 3.5, 5.24, 6.98, 8.81, 10.9, 13.12, 15.33, 17.3, 19.05"
F568-V1,1912500000.0,4.4,0.8970920920776685,0.023648186433516034,"0.7562453758752807, 0.8075316626937663, 0.8747788288958095, 0.9052957002578853, 0.9005938587927572, 0.8961775950000002, 0.9034021219135802, 0.9077308434311224, 0.9056911504424778, 0.895212436369332, 0.884145651307398, 0.87666948299651, 0.8672495698401105, 0.8431522163051138, 0.8673780451019822","0.8517402957921224, 0.3084481777132298, 0.04747893897148759, 0.01378325489204486, 0.013225709774354185, 0.025747956439999987, 0.011090867483996342, 0.010215513762982872, 0.041562661132430095, 0.028747030730537245, 0.027101642283447972, 0.05866532700706548, 0.04640285306489835, 0.03470083710063851, 0.03281831426289932","0.39, 1.18, 1.95, 2.74, 3.53, 4.3, 5.09, 5.87, 6.4, 7.44, 8.21, 9.0, 9.72, 11.79, 17.63"
NGC7331,125315500000.0,3.99,-0.22167348981039922,0.06449248952083135,"-0.3000011162752604, -0.24491690932720897, -0.2256466795696842, -0.21722351728000003, -0.16814456045243636, -0.1409314074399312, -0.09834718966222043, -0.06467285242774341, 0.023034981301760602, 0.12445662698961928, 0.14487477968912585, 0.19588220393712408, 0.24353650241258518, 0.2683037955186777, 0.2927435682330443, 0.30810717428147716, 0.33024263448003455, 0.33721808322127866, 0.35955820330192123, 0.381791935147946, 0.4024239924157452, 0.4324874226749523, 0.4651400225694444, 0.4745751332886096, 0.4950485032669265, 0.5127929231901752, 0.5399374254996115, 0.5627309877278059, 0.5821115348120657, 0.6057150927153457, 0.6066911532246481, 0.6214405959135305, 0.6425626219779066, 0.6477116437892788, 0.6706139498286875, 0.6757843448555892","0.23529431968782993, 0.13657316304855457, 0.07875641314503995, 0.0486889406912, 0.0461717217570133, 0.044394218188324175, 0.04273724473393854, 0.04142695923843359, 0.038014203062188306, 0.0343350342357012, 0.04137702678923585, 0.039066451630585065, 0.03690065841889828, 0.03598505923678634, 0.023380377909651428, 0.017442676278618223, 0.01702772963186353, 0.01706734549644776, 0.01642158453071997, 0.015717154191153916, 0.015128506521120372, 0.014307039764497, 0.013371499435763889, 0.013246005043144295, 0.012783582195774013, 0.012386620596859951, 0.011598216163875338, 0.010977464743234999, 0.010490923812249395, 0.013088295677498899, 0.013332503280520406, 0.016040652715528368, 0.014955538829376294, 0.014864487603827897, 0.01913445934605135, 0.024520511733610896","2.67, 3.21, 3.74, 4.27, 4.81, 5.35, 5.88, 6.41, 7.48, 8.55, 9.62, 10.66, 11.74, 12.83, 13.91, 15.0, 16.08, 17.07, 18.15, 19.24, 20.32, 21.41, 22.49, 23.48, 24.57, 25.65, 26.74, 27.82, 28.91, 29.89, 30.98, 32.06, 33.15, 34.23, 35.32, 36.31"
F579-V1,5924000000.0,5.76,0.7780950854980893,0.03913644572166383,"0.9093472290877136, 0.8833019402238687, 0.8679904751601373, 0.8492676699811879, 0.8339117684540731, 0.809485179138322, 0.7788734069063723, 0.7718685142318245, 0.7569796363636364, 0.7556090441645409, 0.7450205536847051, 0.7393847837796245, 0.7499828254847647, 0.7605252346875961","0.04621513811214604, 0.026057429913998124, 0.02914859996464061, 0.028107873015803087, 0.0299287704369888, 0.06060185730266709, 0.03796701881418889, 0.048583557154333684, 0.10162669752066116, 0.08597324696354544, 0.04106748604370237, 0.041606990659744165, 0.03991502259804635, 0.04705469072805127","0.42, 1.47, 2.11, 2.84, 3.9, 4.74, 5.69, 6.32, 7.37, 8.21, 9.16, 10.85, 12.21, 15.16"
NGC3109,97000000.0,1.64,0.8112276845870089,0.02159648301327872,"0.8692770760548241, 0.8749932238520407, 0.7972122877347867, 0.7816242701680326, 0.789891700113465, 0.8086991576955992, 0.8160037909374495, 0.8241739193004577, 0.8432965259515571, 0.830787602903945, 0.8567036906257123, 0.8606173652226506, 0.8587051430267619, 0.8636447490210039, 0.8739832859305703, 0.8786136053350136, 0.8847265482041589, 0.8872056596264899, 0.8905293770558331, 0.8917942583732057, 0.8919183046564562, 0.8939592633173714, 0.8926602990656757, 0.8941260690391654, 0.8992380041905023","0.06857596010238742, 0.015625847018494905, 0.040829740724539584, 0.05030645085134327, 0.015563577769372958, 0.024394067139487344, 0.01716582708455282, 0.03221943887164387, 0.04129597433747201, 0.024001758453341127, 0.026659778488239572, 0.022617871769143923, 0.019546719344123845, 0.01800918409156552, 0.01520494173415422, 0.013633979110922385, 0.010424729553710856, 0.009160961654701332, 0.006797195542284865, 0.006557923734957226, 0.009734065729698047, 0.0101901008223547, 0.011009200095828134, 0.010235546195609388, 0.008983238853744229","0.26, 0.52, 0.77, 1.03, 1.29, 1.55, 1.81, 2.06, 2.32, 2.58, 2.84, 3.1, 3.35, 3.61, 3.87, 4.13, 4.38, 4.64, 4.9, 5.16, 5.42, 5.67, 5.93, 6.19, 6.45"
NGC4217,42649500000.0,5.28,-0.4015927232203996,0.09609448536955333,"-6.326705362301081, -2.4861850088077024, -1.2871835372490148, -1.0445680907941697, -0.6225145534416702, -0.41356324081632656, -0.1532044831049146, -0.04002000525931353, 0.05483441178134909, 0.165789706925208, 0.25478857980866765, 0.31572569885693924, 0.3522733985610706, 0.37717797491039406, 0.40141878437695955, 0.4125198167972287, 0.43715623447923635, 0.4681921197612437, 0.49856850681732107","2.5137650197016264, 0.5780933684979406, 0.2412508662577728, 0.15957604611076448, 0.11096507578135562, 0.09693005079883382, 0.08022292056382015, 0.07195814090442819, 0.06686543788993647, 0.06454153320104969, 0.04994087004423589, 0.03976672640150772, 0.040782786016525185, 0.045874525503911835, 0.041867975737567856, 0.044963567094290315, 0.046108670056785726, 0.0513780494467951, 0.06760874065384435","0.87, 1.74, 2.61, 3.5, 4.37, 5.24, 6.11, 6.98, 7.85, 8.72, 9.6, 10.47, 11.35, 12.19, 13.12, 13.94, 14.86, 15.79, 16.72"
ESO116-G012,2146000000.0,2.75,0.6885395312265797,0.022800340239896688,"0.6563355921338797, 0.6200869999999999, 0.5040078046941275, 0.581296121169267, 0.6911132937606109, 0.6723615952983834, 0.6972398838395205, 0.7407816897347175, 0.7516270204081633, 0.7854050627051594, 0.7967858196159122, 0.7997217363858261, 0.7971764380165289, 0.8000192111029949, 0.82365390625","0.11181425710476642, 0.06249568850000001, 0.057015025169141066, 0.042548700499735755, 0.022569527413501496, 0.024228722364489294, 0.01874860237930322, 0.02744664461632404, 0.019917147506316814, 0.008268795748975506, 0.007902773681603416, 0.007717144102564498, 0.007744172366641624, 0.008395589876216612, 0.014926437220982148","0.25, 0.83, 1.38, 1.85, 2.68, 3.19, 3.68, 4.13, 5.23, 6.05, 6.81, 7.56, 8.32, 9.09, 9.86"
NGC5985,104364000000.0,10.71,0.7395336434615982,0.01784000201063546,"0.6883234058597599, 0.7180890610586012, 0.7618748777315297, 0.7716548978426777, 0.7680794376093336, 0.765041405168685, 0.7741412360232612, 0.7634830787466624, 0.7533278632248077, 0.7496707411955615, 0.7310092658216746, 0.7247653272160667, 0.7157641590693723, 0.7127567043267939, 0.6977801452222222, 0.687173940821603, 0.6872598700772827, 0.6788848234244946, 0.6813603774164216, 0.675110212235317, 0.6870362773616289, 0.7080647858531167, 0.7038981008323424, 0.7031890790171683, 0.7113242600475624, 0.7236499621685408, 0.7328560552778061, 0.7287546678470337, 0.7275072174395674, 0.7415655587298348, 0.7461430026740477, 0.7574291325472607, 0.7610731330255464","0.022362446216340096, 0.015027078745311085, 0.009793855835235473, 0.011682772668514162, 0.012345581267944217, 0.01079772954188028, 0.006311453961998069, 0.011866765945236656, 0.011708478820904675, 0.017241220473948077, 0.01834837458302485, 0.018831846032584917, 0.019511899311409432, 0.01902398220524185, 0.017689935499659262, 0.020614707086196737, 0.01131821422577453, 0.011781605099184059, 0.008825551058500487, 0.007383858812833704, 0.007873164032923484, 0.006652945356408564, 0.0076578077370945945, 0.006266008331859782, 0.01274154990134897, 0.007876916044311658, 0.007411670385558511, 0.00953524546476298, 0.011630104327837022, 0.0069611970712502415, 0.006954986228108285, 0.006738079651464979, 0.006706719072967121","3.54, 4.23, 4.97, 5.74, 6.47, 7.22, 8.02, 8.79, 9.5, 10.27, 11.08, 11.82, 12.56, 13.39, 14.1, 14.93, 15.64, 16.35, 17.18, 17.89, 18.72, 19.44, 20.26, 20.98, 21.69, 22.52, 23.23, 24.06, 24.77, 25.95, 28.92, 31.76, 34.72"
F568-3,4173000000.0,7.47,0.79871168404333,0.06822289706693753,"0.39302029136316347, 0.5277684994057671, 0.6292888842028582, 0.6900603588112028, 0.7642895294030027, 0.81311955539119, 0.8037107266435987, 0.8258019641683103, 0.8339164497607514, 0.8375633365965507, 0.829460476727882, 0.8147641334540121, 0.7761552249576301, 0.763678627218935, 0.7580317223801588, 0.7744609529216525, 0.801980966469428, 0.8111089965277778","0.8419395958510959, 0.2673822195145429, 0.04315398747359916, 0.10140505410926348, 0.08434084635297459, 0.06588733624028559, 0.03579392631793202, 0.03564359810094574, 0.02502352397286371, 0.023882169881954046, 0.02596987828073655, 0.06457384398027735, 0.0728906305285028, 0.03005523099984828, 0.04887280062816594, 0.0451078094156695, 0.0396038067061144, 0.03777820069444444","0.64, 1.18, 1.8, 2.03, 2.78, 3.0, 3.64, 4.19, 4.6, 5.14, 5.39, 6.31, 9.1, 10.17, 11.99, 14.02, 15.94, 17.98"
NGC2403,5020500000.0,2.16,0.41824226034988937,0.023884282555149967,"0.5512668887963348, 0.4991497805134461, 0.40694827567729774, 0.4040106139053256, 0.4498839115511443, 0.47081586459844227, 0.5098903010957248, 0.5214041644804462, 0.4934702955530476, 0.4899337884912978, 0.48390556209176844, 0.5107081672791263, 0.5098395503793725, 0.4894591006917354, 0.4903960037232848, 0.4882549578455328, 0.45638070096233274, 0.452170116208248, 0.4507332575488153, 0.4465505238366285, 0.4111651944782046, 0.4034683311832953, 0.4090000715527145, 0.40297729957323597, 0.4195087854289638, 0.42599041919520836, 0.43108099559898955, 0.4459384001930594, 0.45853671999999995, 0.4790859861591695, 0.4677673120282324, 0.4627337957063033, 0.4771610236591573, 0.5104546859987771, 0.5348420785123966, 0.5466322704081633, 0.5608687249923053, 0.5909662525136455, 0.5922487108589486, 0.5970519642344153, 0.6254546888873711, 0.6539653941207076, 0.6739309792000001, 0.6933676618795666, 0.7029179043839757, 0.7112206916099774, 0.7186134763164524, 0.7276314340628681, 0.7349691802978515, 0.7379277252197265, 0.7375601029202059, 0.7384811426622853, 0.7441446014404297, 0.7544577041420119, 0.7582204881656806, 0.7681138487144169, 0.7747437984057889, 0.7801407117417605, 0.786397405167053, 0.7916145796822883, 0.7995050762976165, 0.8045383492982847, 0.807010365198711, 0.8153453218979728, 0.821641119959902, 0.8323196934472318, 0.8380671658737024, 0.84114690260631, 0.8419436542484029, 0.8479014758298062, 0.8539587937932526, 0.85340619478738, 0.852626567721096","0.10366650650664266, 0.06980688611540639, 0.030750830150066046, 0.028653335869936267, 0.052933994717738825, 0.02010578022042393, 0.017088901635434983, 0.020529580075905798, 0.013987281382851501, 0.014915774331324978, 0.02103824460262855, 0.021120510764929802, 0.01815409072668991, 0.01647282993191426, 0.015914543405319344, 0.017551812807012814, 0.016430937012714062, 0.014386288965119539, 0.01808285571855752, 0.022562420622603642, 0.024224975705784656, 0.019438913851460845, 0.01203665842051498, 0.013758547828764933, 0.016669910642467634, 0.013093497566219279, 0.01853911215970706, 0.030079227113636132, 0.029130724464000002, 0.03227624085758872, 0.0358334879030497, 0.03617237811086275, 0.02974598447919746, 0.022509934064355294, 0.020805245215627353, 0.027525897868075796, 0.039290693027004255, 0.03535715444373572, 0.03351853817515422, 0.036606804605144636, 0.015910437182800927, 0.0012278647305394247, 0.004591051812863999, 0.002190230986574525, 0.002593573850616084, 0.002062709345643019, 0.0010719486616516097, 0.006219439694627422, 0.004638039344787599, 0.006879397212982178, 0.010580254118492487, 0.005106824930689232, 0.00083952552652359, 0.004268658374146563, 0.008294897098315886, 0.009415983112808526, 0.009077994289811816, 0.01114174137489124, 0.012237983252835009, 0.008022055278396115, 0.0016757784667661914, 0.0023046970754381354, 0.0019444068468701288, 0.006476693933429312, 0.010994360814412008, 0.00964161762678417, 0.015193110025379094, 0.0197448516612305, 0.018610243417067743, 0.014210996437394225, 0.012026922864085078, 0.011380022804653764, 0.006862762816569856","0.16, 0.26, 0.36, 0.46, 0.56, 0.66, 0.76, 0.86, 0.96, 1.06, 1.16, 1.27, 1.36, 1.47, 1.57, 1.67, 1.77, 1.87, 1.97, 2.08, 2.18, 2.28, 2.37, 2.47, 2.57, 2.68, 2.78, 2.88, 2.98, 3.08, 3.19, 3.29, 3.39, 3.49, 3.59, 3.69, 3.79, 3.9, 3.99, 4.47, 4.97, 5.47, 5.96, 6.46, 6.96, 7.45, 7.95, 8.45, 8.94, 9.44, 9.94, 10.43, 10.93, 11.43, 11.92, 12.42, 12.92, 13.42, 13.91, 14.41, 14.91, 15.4, 15.9, 16.4, 16.89, 17.39, 17.89, 18.38, 18.88, 19.38, 19.87, 20.37, 20.87"
F571-8,5082000000.0,1.4,-0.6763808718284829,0.23289404180058323,"-3.773077848595214, -1.6158342755555557, -0.6988675698958418, -0.3776290260764301, 0.20535422181183943, 0.2842478721819673, 0.609464231292517, 0.6958708506058674, 0.7470339848394768, 0.8039069101196671, 0.8644751906721536, 0.8876209795918368, 0.9197781225887346","5.388958861317177, 0.5580446454518518, 0.24054762051622539, 0.15949395381492681, 0.13941154003301062, 0.1380555194872899, 0.029755106187236802, 0.036386880373940875, 0.017445932080036083, 0.01265116708905374, 0.008031099812020525, 0.0064216583090379, 0.005570963709115654","0.22, 0.78, 1.33, 2.33, 3.44, 3.78, 4.77, 5.44, 6.11, 7.22, 9.33, 11.1, 15.55"
NGC5005,89360000000.0,3.97,0.1151291319797931,0.1551559123518835,"-0.012354566833629026, -0.22224687653115777, -0.21834536726891643, -0.06712659014537238, 0.01808599466888787, -0.01372951793872605, 0.09982896316847949, 0.11278864328200244, 0.14145962982993796, 0.16018462637461703, 0.19940083263604483, 0.22686550087466917, 0.26217795999770427, 0.28870692175151297, 0.3052673929512281, 0.3293482677628558, 0.3716852921258035, 0.4219029893912424","0.3847906931756258, 0.1825501772673145, 0.15457421399711363, 0.09850399293649591, 0.0614798401705276, 0.19360571940960916, 0.1607201927829458, 0.15551890191118567, 0.15107648374310395, 0.14647942563233424, 0.1374208532486789, 0.13169743559245178, 0.12464720827311512, 0.1191751421669163, 0.11640048208666215, 0.11177528870619072, 0.10424312198821896, 0.09598591874258616","0.49, 0.98, 1.47, 1.97, 2.46, 2.95, 3.44, 3.93, 4.42, 4.92, 5.74, 6.56, 7.37, 8.19, 9.01, 9.83, 10.65, 11.47"
NGC5371,170196500000.0,9.8,0.31423596436018525,0.018239881244600832,"0.3780777391975309, 0.41499022606814506, 0.3999016592752839, 0.35126498384138355, 0.34903296484586266, 0.3447206240658463, 0.26743933761903893, 0.18644589453257132, 0.22791290127040492, 0.21336162256159485, 0.23744527517361122, 0.2881881994667252, 0.3297872807189287, 0.3284389770548171, 0.3558138766365609, 0.4353015139607988, 0.4953794796364553, 0.5298723400779483, 0.5892305990874828","0.05758539451874714, 0.03809365969788823, 0.027911550731382143, 0.024251776304995008, 0.02422202921503767, 0.017790390296854853, 0.018864223065604147, 0.02059630646752984, 0.019142655340403183, 0.019584357944524608, 0.01906386812065972, 0.018251584629058328, 0.01779325803401074, 0.018917211913948816, 0.01867206154676635, 0.021719172539969276, 0.019315618004346207, 0.01816918492452374, 0.023141938079578435","1.45, 2.88, 4.33, 5.78, 7.22, 8.66, 11.55, 14.48, 17.28, 20.2, 23.12, 26.04, 28.84, 31.76, 34.68, 37.48, 40.4, 43.32, 46.24"
NGC1090,36022500000.0,6.36,0.5050800020243867,0.03886357879005592,"-1.7199386460932673, -0.26645734444651675, 0.015204752416527871, 0.32888912591051, 0.5148415228468113, 0.5031584428073741, 0.458728214876033, 0.5249742089443783, 0.47458713005651393, 0.5291163739669421, 0.5175133174791915, 0.5055099861819727, 0.5225405682972855, 0.5594698949406576, 0.5851322170031196, 0.6006672194674013, 0.6213903581267218, 0.6382334747474748, 0.6534686464646464, 0.6552849693251533, 0.6592955285017529, 0.6671203113092515, 0.6729375685871056, 0.6723435195312502","2.5533586715956895, 0.33621671478174947, 0.104657207123262, 0.03691109807492195, 0.04366426294378698, 0.03795151171808732, 0.07938652848484849, 0.026426722169071368, 0.037547797778888156, 0.039329484674351996, 0.01819030251342818, 0.013127532509692865, 0.012828126899964497, 0.024215966254160257, 0.026332925148304986, 0.01684458274246598, 0.014318328274480336, 0.010480266610345883, 0.009366847495561678, 0.009432079980428321, 0.009379888536309767, 0.009164465503461342, 0.009004311383342647, 0.009133424393066403","0.35, 1.07, 1.6, 3.7, 5.09, 6.61, 8.17, 9.11, 10.37, 11.28, 13.62, 15.04, 16.37, 17.59, 18.8, 20.13, 21.35, 22.57, 23.89, 25.11, 26.33, 27.65, 28.87, 30.09"
F583-4,857500000.0,3.31,0.7240747111345825,0.062307110221244744,"0.8616040702244737, 0.7395378550705634, 0.7584355773488147, 0.7014225109554706, 0.7341607272727273, 0.7486058762042154, 0.7566850342837327, 0.7770235392, 0.7688225406101737, 0.7857078117163689, 0.7850745708439627, 0.8121105564663191","0.12675515063552872, 0.10334125588293439, 0.06085684683757368, 0.11034081445252163, 0.047367724958677686, 0.0430710212097673, 0.03987435893009063, 0.024473896337408003, 0.029776255287103846, 0.03260968082576995, 0.03134329175192212, 0.02634215374291949","0.22, 0.76, 1.31, 1.94, 3.92, 4.35, 5.0, 5.05, 5.83, 6.09, 6.74, 7.29"
NGC7814,37264500000.0,2.08,-0.016247869208798366,0.1033295900197268,"-0.1991593567817731, -0.05444501792000001, 0.059085396304960416, 0.19506596124763698, 0.2976606250000002, 0.3941766797476145, 0.4666842642007415, 0.5186966710392356, 0.5544115721208953, 0.5799062359000021, 0.6034014441872428, 0.6284696704952398, 0.6610419475500043, 0.6836630247183159, 0.7023009756310594, 0.7224014568957989, 0.738698100270766, 0.7533894025679099","0.13575388944699318, 0.12653340215040002, 0.058877832282719644, 0.04514630043437167, 0.033083881085526304, 0.02742147660089745, 0.027910973309670448, 0.01277796448568401, 0.015665530379247446, 0.011125770921369807, 0.00936413256780121, 0.00885422747885176, 0.009725245056275575, 0.010672677390344667, 0.012408763071826865, 0.013153501061105608, 0.01167311290379195, 0.011224239341068027","0.63, 1.72, 2.79, 3.91, 5.03, 6.14, 7.26, 8.37, 9.5, 10.65, 11.74, 12.82, 14.01, 15.09, 16.18, 17.36, 18.44, 19.53"
NGC4183,5419000000.0,4.47,0.7330086492316775,0.02865264557904377,"0.6515509756988115, 0.718349962351565, 0.6977636711498978, 0.732760198461704, 0.7363848809845299, 0.707011664734714, 0.6923780092374399, 0.6835160974757621, 0.6710123082542001, 0.6547883233302554, 0.6653593308128545, 0.6572205015826637, 0.6479872272727272, 0.685853319535752, 0.6995887172796902, 0.7105998842592594, 0.7212193502230452, 0.7455235938641344, 0.7590622024793389, 0.7571944659540443, 0.7726885619834711, 0.7935889588647959, 0.8047512765290938","0.12132832268661344, 0.056415485538078014, 0.04448156219607286, 0.03492515492682515, 0.028380923786344613, 0.030685585969375387, 0.03106086120320995, 0.030761052207963307, 0.03082407201942629, 0.0369437057488674, 0.035501010122462394, 0.03458676020066817, 0.03584130049586777, 0.02943356285430793, 0.026458241413898843, 0.02358075017146776, 0.02659925465761771, 0.024301350495857434, 0.021465367415477086, 0.02183022232706758, 0.021904556754320053, 0.03759629677819788, 0.03974089061797204","0.87, 1.74, 2.61, 3.5, 4.37, 5.24, 6.11, 6.98, 7.85, 8.72, 9.6, 10.47, 11.35, 12.31, 13.12, 14.05, 14.98, 16.03, 16.95, 17.88, 18.93, 19.97, 21.02"
NGC5033,55254500000.0,2.94,-0.11979579781501326,0.0935584119493985,"-0.37581748161938006, -0.22785233273648367, 0.021005141628114777, 0.2158465507413904, 0.3513128223209879, 0.422184041068095, 0.5049656977272726, 0.556577861080717, 0.6112117549675777, 0.6394922056106522, 0.6664706154784951, 0.6782520330578512, 0.6967323336174013, 0.7054391164464272, 0.7263572241924866, 0.7261027298186655, 0.7249865753390066, 0.7240898640388147, 0.7487064986979517, 0.7614734681532118, 0.7794260396960357, 0.7958890636713869","0.21371922044572894, 0.11475255446135361, 0.0705581879907665, 0.05601096066132926, 0.046128865968285304, 0.031233295077400268, 0.013500935516528928, 0.008136186035216202, 0.007101155160409539, 0.006645304965702262, 0.006119805220578071, 0.005849963035311796, 0.005464282277163943, 0.008107180281290998, 0.007566159699746914, 0.007939051309603897, 0.008291862050080204, 0.008667334113963934, 0.007812233201099949, 0.007453954120212131, 0.009095833414596464, 0.0104138232820721","0.76, 2.28, 3.8, 5.33, 6.85, 8.0, 10.28, 12.56, 14.91, 17.15, 19.39, 21.64, 24.01, 26.25, 28.5, 30.87, 33.12, 35.36, 37.73, 39.98, 42.22, 44.59"
UGC00128,6010000000.0,9.63,0.8744081889354217,0.002676234556880932,"0.6258166854430218, 0.8005235204732404, 0.8585236128018096, 0.8749618184156379, 0.8733772926619157, 0.8525441020313943, 0.8495011440475377, 0.8459885770975057, 0.838558935546875, 0.8295069226608979, 0.8254893786431103, 0.821193566808461, 0.8252728162694482, 0.8406150573975876, 0.8383915648831298, 0.8392766156462586, 0.85565725147929, 0.869643003902663, 0.8819661227444865, 0.8825712066582537, 0.8954465564738292, 0.8898762624000001","0.41258922660828096, 0.033280004492474695, 0.007124920222158605, 0.0029175575703017835, 0.002241109864390875, 0.002224773197421069, 0.0016915573892177574, 0.0013445441681963792, 0.001589185478210449, 0.0016124151500287185, 0.001758634168712841, 0.0019928045225927242, 0.002214100190784092, 0.0018250184267451805, 0.0031558182605499066, 0.0035716307634164777, 0.0035974654246700047, 0.003969963062964353, 0.0036995692871131087, 0.004842799849442561, 0.00739794820101845, 0.010483779819519999","1.25, 3.75, 6.25, 8.76, 11.25, 13.74, 16.22, 18.71, 21.3, 23.79, 26.28, 28.77, 31.25, 33.74, 36.23, 38.82, 41.31, 43.8, 46.28, 48.77, 51.26, 53.75"
NGC5907,87712500000.0,7.88,0.5526599493082962,0.023135964324411406,"0.6507629214341863, 0.5555897923553719, 0.53321644545043, 0.5040855961973744, 0.5117746512287336, 0.5396264828245347, 0.5613150258249108, 0.5544142004938273, 0.5998899055325255, 0.6417850450983009, 0.6111470488595235, 0.6298501430255918, 0.6404022118627256, 0.6631592158756543, 0.6955212406294464, 0.7145362214934842, 0.7256840205516495, 0.7434811166089744, 0.7403990719713512","0.019583387583129736, 0.024240556780616075, 0.015890503984666213, 0.016882192469876618, 0.008490875630804634, 0.00797183579524615, 0.007563534037501538, 0.02772533863593964, 0.02500688090421715, 0.006257029779942341, 0.007134916534687641, 0.006918688915409497, 0.006753010105864306, 0.0063856072819781185, 0.005612511693466425, 0.007929549402958772, 0.007655329659023735, 0.011821146700047257, 0.012130884487320033","5.03, 7.55, 10.07, 12.58, 15.1, 17.61, 20.13, 22.65, 25.16, 27.68, 30.2, 32.71, 35.23, 37.75, 40.26, 42.78, 45.29, 47.81, 50.33"
UGC00191,1002000000.0,2.5,0.819844025504007,0.03526263429296402,"0.7305442892137671, 0.65305253684424, 0.7545442904524441, 0.751586748600829, 0.7959816110869984, 0.8250724572111989, 0.7552728939201877, 0.7287156149977138, 0.7657286611914893","0.02559378657635122, 0.04659585115638404, 0.021735818772029784, 0.01865593494443574, 0.01955176227082931, 0.03680102583214608, 0.006960275163130996, 0.004219979322257787, 0.0058113820479630575","0.62, 0.87, 1.12, 1.37, 1.62, 2.3, 4.97, 7.45, 9.98"
NGC3198,19139500000.0,5.84,0.5001983197274127,0.009124089894488457,"-2.362972319269015, -0.44696371520462547, -0.5065427846878399, 0.0007253999561690753, 0.25075068026636005, 0.4151420283042, 0.4366805621653776, 0.4767219771677828, 0.5846341604239451, 0.5601141550000001, 0.55257296707136, 0.5387649737645861, 0.5124851742274819, 0.48656486476943717, 0.5110344658689318, 0.5174230716253443, 0.5034680970149252, 0.5003272763599553, 0.4996395076530612, 0.49547295427494553, 0.5049178192515432, 0.5262864186526552, 0.5616102873802581, 0.5912064942476261, 0.6206047697368423, 0.6355475192507803, 0.6418223085141354, 0.668747713903201, 0.6931552351659618, 0.7207730958178479, 0.7371854908078933, 0.7494099192618225, 0.7541402955555556, 0.7600230372505743, 0.7631797890796201, 0.7680377861700132, 0.7838937456615299, 0.7935513992878014, 0.7963311632578524, 0.8016901693617404, 0.8063794133333334, 0.8051133377777778, 0.8113691252646277","9.895959529652265, 1.089399933387316, 1.066168739932933, 0.5261138065188034, 0.1657496314875872, 0.15667196641005826, 0.11115254273370963, 0.0915284919108136, 0.02579013307203783, 0.04671587673899999, 0.06280704705222591, 0.059756467115809384, 0.043417987047432806, 0.04892734818079481, 0.041504318566400904, 0.03173308892645463, 0.017489780463354872, 0.006492098161162624, 0.020300339975218656, 0.006253292961099267, 0.00845765392111947, 0.010188086612538784, 0.01789345765794865, 0.01657270969266381, 0.009984085006925204, 0.00940522530965728, 0.009184043371432428, 0.008439548690364307, 0.008022085355138254, 0.0073000497825399255, 0.006826350888106667, 0.006551374659821636, 0.006556258785185184, 0.00644233457045438, 0.006400546241091348, 0.006355129146027038, 0.005880442294924355, 0.005579691911140504, 0.005504563155193179, 0.00532375384263784, 0.0051632156444444445, 0.00779546648888889, 0.007595874150417677","0.32, 0.64, 0.96, 1.28, 1.61, 1.93, 2.24, 2.57, 2.89, 3.21, 3.54, 3.85, 4.17, 4.5, 4.82, 5.15, 5.46, 5.78, 6.1, 6.43, 6.74, 7.06, 8.04, 9.04, 10.04, 11.04, 12.05, 14.05, 16.07, 18.13, 20.05, 22.12, 24.03, 26.1, 28.16, 30.08, 32.14, 34.06, 36.12, 38.19, 40.1, 42.17, 44.08"
NGC6503,6422500000.0,1.62,0.22457084432253158,0.07055541172753946,"0.575479709900489, 0.23565111500000002, 0.15144105785123993, 0.3400872881355933, 0.4797785021514925, 0.5602814800901579, 0.5882665680473372, 0.6255015420630201, 0.6550513005350774, 0.6798611920332935, 0.6987020529300567, 0.717304, 0.7349202103151011, 0.7516584264738111, 0.762434845496384, 0.7750088911232405, 0.7780350865658558, 0.7823944411414983, 0.7876823553875236, 0.8037142998027614, 0.8079589699762187, 0.8101481928166351, 0.8172064007561437, 0.8241395500945179, 0.828586391966759, 0.8372328317580341, 0.8393865112342259, 0.849871332491082, 0.8519856937618148, 0.8635569556162023, 0.8609872476370509","0.1102650104154574, 0.07643488849999999, 0.030856688805409458, 0.022369922436081584, 0.017197404887553967, 0.014536149418507179, 0.014076356647954282, 0.012913739928861375, 0.011894782740169745, 0.011039269240231254, 0.005239964296868579, 0.004916452173913043, 0.004570341201463774, 0.004245155103011777, 0.004060942812027624, 0.003813408625029824, 0.003794272024515286, 0.0037518199803189965, 0.003692480775869154, 0.003355311114482712, 0.0033110522417893313, 0.006603541119421386, 0.006358038234568915, 0.006116885214103723, 0.006014512562569859, 0.005661466721459686, 0.005635561009325406, 0.005176850603755791, 0.0077224855428618365, 0.009250375890426966, 0.02417613084573026","0.76, 1.52, 2.28, 3.04, 3.79, 4.55, 5.31, 6.07, 6.83, 7.59, 8.35, 9.11, 9.86, 10.64, 11.38, 12.12, 12.86, 13.7, 14.44, 15.18, 15.91, 16.65, 17.49, 18.23, 18.97, 19.71, 20.45, 21.29, 22.03, 22.76, 23.5"
F563-1,951500000.0,4.61,0.926266540826875,0.024799002155866914,"0.6491361765729613, 0.8263518419999013, 0.8867720621072008, 0.9219415283203124, 0.9306486537629758, 0.9380931562954155, 0.9067776111111111, 0.9012714326637978, 0.8823176501676027, 0.8940332642096334, 0.8778779530630056, 0.8820405078357468, 0.8997440967793368, 0.8988319853606548, 0.887302589075562, 0.8859635555555555, 0.8671717648629406","0.22766458044994278, 0.08670207795227412, 0.02873672747180283, 0.02256377696990967, 0.02974628821440991, 0.012708692282343437, 0.05137589432098766, 0.018978497606550116, 0.06355098080596909, 0.04897103518079081, 0.027584035242442233, 0.021000112407833234, 0.019693123846916, 0.01705792533829319, 0.049343190729078244, 0.015711687901234568, 0.026816266338991247","1.07, 1.78, 2.49, 2.97, 3.04, 3.19, 6.95, 8.58, 9.26, 9.89, 10.08, 11.84, 14.56, 15.43, 17.93, 19.02, 20.1"
ESO079-G014,25866500000.0,7.23,0.7211869662903398,0.019803582528931225,"0.6153874383074468, 0.5463560956790122, 0.320824811287308, 0.3606408870487728, 0.48111287976281264, 0.6290366637831604, 0.6772119166171225, 0.7284948088842974, 0.7232650993659758, 0.7144024730139991, 0.6660953705446196, 0.6593537525951556, 0.6684535493877551, 0.6868286108717164, 0.7047094258931953","0.268765404556242, 0.21242055837252602, 0.24571273061034313, 0.09647134544530352, 0.06427341073195025, 0.038914781348237094, 0.03584060787906433, 0.037434806653831705, 0.021209609172680687, 0.015578046926509147, 0.013438124964584632, 0.009658323014655, 0.008260242998110786, 0.007891211274079915, 0.006735279386930489","0.41, 0.98, 1.78, 2.69, 3.36, 4.39, 5.65, 6.34, 6.89, 8.34, 10.04, 11.65, 13.36, 15.06, 16.67"
F568-1,3126000000.0,7.0,0.888810930287277,0.023520700550100408,"0.7126560915250112, 0.8097270799141523, 0.8747881802855269, 0.9020308209876544, 0.9226026893424035, 0.9239457435977758, 0.9182746986631602, 0.8791901079604579, 0.8627740777481555, 0.8512823431952663, 0.8429399005031375, 0.8266361386629638","0.33309930791368125, 0.07781948641713322, 0.03283652908938634, 0.024818858683127564, 0.014565436748515279, 0.021806707145416476, 0.0346459397120278, 0.017731774476771506, 0.019665447125854885, 0.02082047195266272, 0.021492434667991705, 0.05811351971579526","0.44, 1.32, 2.2, 3.08, 3.96, 4.84, 5.53, 7.48, 8.37, 9.24, 10.13, 13.23"
NGC0891,69170000000.0,3.68,-0.4137624583432571,0.06995084024664737,"0.03467636459931347, -0.7239857836914061, -0.56344829743681, -0.2470668648072551, -0.10066462543624713, 0.029590627989476963, 0.10309791294642857, 0.19427676305897099, 0.23452334109953785, 0.30881531720002353, 0.3559036839449629, 0.37529694834183663, 0.39832406549586785, 0.4105123891086609, 0.4359993973114741, 0.465525818329904, 0.4688566988662131, 0.49097445844119836","0.09900755234878836, 0.21549822296142573, 0.09292192711181041, 0.0493234517829596, 0.03976274908107523, 0.03335782216286173, 0.025866015546277103, 0.024243000049553085, 0.02174495641655295, 0.016746765442290177, 0.015038372136967825, 0.013107608673184678, 0.013291568371318556, 0.012438729404129174, 0.014398909395826883, 0.021923339118504862, 0.022611529105409783, 0.021290972170969105","0.92, 2.32, 3.24, 4.17, 5.1, 6.03, 6.96, 7.89, 8.8, 9.73, 10.64, 11.58, 12.52, 13.46, 14.4, 15.33, 16.27, 17.11"
IC4202,89874500000.0,8.55,0.4883571324819012,0.024418392624133034,"-9.348312854603451, -2.7390733289280056, -0.7862071591682418, 0.029175631574622083, 0.31503099717881927, 0.3518189222895039, 0.38283852201185886, 0.45153991590909076, 0.48985391353235513, 0.47725371625169766, 0.49012724231570176, 0.472782192643268, 0.4281203958264036, 0.42841615104166675, 0.4287412781249998, 0.46106178894837735, 0.44735032334154035, 0.49498182720000006, 0.46723204733283247, 0.48065443009271697, 0.507588644966181, 0.5227738875179434, 0.5208487603278472, 0.5152534799676314, 0.5520362672720419, 0.5186011794141282, 0.5881846050870148, 0.5541319344297616, 0.5950374782174094, 0.5942901971244222, 0.5993630599887014, 0.6407952985625073","2.335003926166932, 0.37918715402479125, 0.20813196463351688, 0.03933083338748967, 0.02240419446727612, 0.018428677699612143, 0.019843660919044537, 0.016204502484504134, 0.0154148038248665, 0.020687406122805157, 0.02497335956004726, 0.023874822658349573, 0.0332599435063305, 0.03410450298784722, 0.023088373342447923, 0.03365077610468668, 0.028480950141485765, 0.022705617049088, 0.02245550874878144, 0.03154385797551613, 0.020172981319127425, 0.020008998451054905, 0.02473666969039162, 0.06516924169729768, 0.052957655852859824, 0.08599346453200615, 0.03307754176007914, 0.06083454114983761, 0.0730585447460837, 0.014024536395698988, 0.02612556852510653, 0.01785843616863324","0.77, 1.59, 2.36, 3.13, 3.95, 4.73, 5.5, 6.27, 7.08, 7.86, 8.66, 9.45, 10.24, 11.02, 11.79, 12.47, 13.34, 14.11, 14.59, 14.98, 15.75, 16.52, 17.1, 17.88, 18.65, 19.62, 20.78, 22.13, 23.0, 23.58, 25.03, 25.9"
NGC4559,9688500000.0,3.82,0.35683004637031257,0.06290756413596674,"0.09332520172640262, 0.2965281295794877, 0.2727250976662467, 0.33655670104546914, 0.3780191400019882, 0.35251374951941566, 0.3481511002218936, 0.37574142488430046, 0.37713648985404064, 0.4175461591220849, 0.463210279198117, 0.4840133541089567, 0.49617560196195004, 0.514784560596099, 0.5417728490376329, 0.5732304999999999, 0.5932305102110511, 0.616110155200215, 0.631883841709218, 0.6424842515452835, 0.6533622546103508, 0.6646063963319458, 0.6722440589229969, 0.6695577401017913, 0.6689785940908192, 0.6687742117787032, 0.6581282596817158, 0.6621627317925289, 0.6630485151840902, 0.6601248138788334, 0.6594427152777778, 0.6611494633147375","0.451267365350786, 0.1689647389701604, 0.1710534695257013, 0.13237348482703226, 0.07331874170870534, 0.06081292430984312, 0.07107660118734352, 0.06325034996926994, 0.061581222512543915, 0.056303871284865116, 0.04526443051086148, 0.04173155153610017, 0.03882922515913936, 0.04329614690065579, 0.040541453017348406, 0.03200771250000001, 0.02433893476092553, 0.019949685377300304, 0.016535053667487587, 0.018637706230918007, 0.02006553452987237, 0.023315265029182474, 0.025163198056879596, 0.028101024703538723, 0.030464734267414053, 0.030268112679734772, 0.03203988045627556, 0.03500215631264291, 0.0350760971898529, 0.03292014199454605, 0.033715171187500004, 0.0349101477290867","0.67, 1.32, 1.97, 2.62, 3.28, 3.93, 4.58, 5.22, 5.9, 6.54, 7.19, 7.87, 8.51, 9.16, 9.84, 10.48, 11.13, 11.78, 12.43, 13.08, 13.73, 14.38, 15.03, 15.68, 16.33, 16.98, 17.72, 18.28, 19.02, 19.67, 20.32, 20.97"
NGC3972,7176500000.0,3.73,0.6492867772858625,0.034089758721751025,"0.25955384016937066, 0.6420955244886472, 0.6486040981637463, 0.6470032968089197, 0.6556408099173554, 0.6008140680737217, 0.5853103840306697, 0.6410333964497041, 0.6853104811762086, 0.7118506933615505","0.18324172642273154, 0.05098913075778178, 0.051883958660386434, 0.036683971115935805, 0.02754873520661157, 0.030283070697855595, 0.02966885057341551, 0.021537996213017746, 0.028650836788434737, 0.021073606007886603","0.87, 1.74, 2.61, 3.5, 4.37, 5.24, 6.11, 6.98, 7.85, 8.72"
